"Status","Start Time","Stop Time","Duration in ms","Parent Suite","Suite","Sub Suite","Test Class","Test Method","Name","Description"
"broken","Mon Jul 13 00:54:04 CST 2020","Mon Jul 13 00:54:04 CST 2020","0","pyrunner","test_pytest","TestDemo","","","test_sum",""
"passed","Mon Jul 13 00:54:04 CST 2020","Mon Jul 13 00:54:04 CST 2020","1","pyrunner","test_div","","","","test_div_int_param[10-2-5]",""
"failed","Mon Jul 13 00:54:04 CST 2020","Mon Jul 13 00:54:04 CST 2020","0","pyrunner","test_div","","","","test_div_float",""
"passed","Mon Jul 13 00:54:04 CST 2020","Mon Jul 13 00:54:04 CST 2020","0","pyrunner","test_pytest","","","","test_answer",""
"failed","Mon Jul 13 00:54:04 CST 2020","Mon Jul 13 00:54:04 CST 2020","0","pyrunner","test_pytest","TestClass","","","test_two",""
"broken","Mon Jul 13 00:54:04 CST 2020","Mon Jul 13 00:54:04 CST 2020","1","pyrunner","test_div","","","","test_div_expection",""
"passed","Mon Jul 13 00:54:04 CST 2020","Mon Jul 13 00:54:04 CST 2020","0","pyrunner","test_div","","","","test_div_int_param[10-5-2]",""
"broken","Mon Jul 13 00:54:04 CST 2020","Mon Jul 13 00:54:04 CST 2020","0","pyrunner","test_pytest","TestClass","","","test_x",""
"passed","Mon Jul 13 00:54:04 CST 2020","Mon Jul 13 00:54:04 CST 2020","0","pyrunner","test_div","","","","test_div_int_param[100-200-0.5]",""
"passed","Mon Jul 13 00:54:04 CST 2020","Mon Jul 13 00:54:04 CST 2020","1","pyrunner","test_div","","","","test_div_zero",""
"passed","Mon Jul 13 00:54:04 CST 2020","Mon Jul 13 00:54:04 CST 2020","0","pyrunner","test_div","","","","test_div_int_param[1000000-1-1000000]",""
"broken","Mon Jul 13 00:54:04 CST 2020","Mon Jul 13 00:54:04 CST 2020","1","pyrunner","test_pytest","TestDemo","","","test_demo",""
"passed","Mon Jul 13 00:54:04 CST 2020","Mon Jul 13 00:54:04 CST 2020","0","pyrunner","test_pytest","TestClass","","","test_zero_division",""
"passed","Mon Jul 13 00:54:04 CST 2020","Mon Jul 13 00:54:04 CST 2020","0","pyrunner","test_pytest","TestClass","","","test_one",""
"passed","Mon Jul 13 00:54:04 CST 2020","Mon Jul 13 00:54:04 CST 2020","1","pyrunner","test_div","","","","test_div_int",""
